CODE;CITY;COUNTRY;LAT;LON
LYR;SVALBARD;NORWAY;78.246;15.47
BJF;BATSFJORD;NORWAY;70.600;29.69
N/A;SVARTNES;NORWAY;70.355;31.05
LKL;BANAK;NORWAY;70.069;24.97
ALF;ALTA;NORWAY;69.977;23.37
SOJ;SORKJOSEN;NORWAY;69.787;20.96
KKN;KIRKENES;NORWAY;69.725;29.89
TOS;TROMSO;NORWAY;69.683;18.92
ANX;ANDOYA;NORWAY;69.293;16.14
MMK;MURMANSK;RUSSIA;68.782;32.75
IVL;IVALO;FINLAND;68.607;27.41
EVE;EVENES;NORWAY;68.491;16.68
ENF;ENONTEKIO;FINLAND;68.362;23.42
KRN;KIRUNA;SWEDEN;67.822;20.34
N/A;KALIXFORS;SWEDEN;67.765;20.26
KTT;KITTILA;FINLAND;67.701;24.85
N/A;PEVEK;RUSSIA;67.500;171.00
SOT;SODANKYLA;FINLAND;67.395;26.62
BOO;BODOE;NORWAY;67.269;14.36
GEV;GALLIVARE;SWEDEN;67.132;20.81
N/A;KEMIJARVI;FINLAND;66.713;27.16
N/A;JOKKMOKK;SWEDEN;66.496;20.15
KAO;KUUSAMO;FINLAND;65.987;29.24
SSJ;SANDNESSJOEN;NORWAY;65.957;12.47
N/A;HEDEN;SWEDEN;65.836;21.47
N/A;HEMAVAN;SWEDEN;65.806;15.08
MJF;MOSJOEN;NORWAY;65.784;13.22
KEM;KEMI;FINLAND;65.782;24.60
AJR;ARVIDSJAUR;SWEDEN;65.590;19.28
LLA;LULEA;SWEDEN;65.544;22.12
BNN;BRONNOYSUND;NORWAY;65.459;12.21
N/A;PUDASJARVI;FINLAND;65.402;26.95
N/A;PITEA;SWEDEN;65.399;21.27
N/A;FALLFORS;SWEDEN;65.106;20.76
N/A;MOHED;SWEDEN;64.961;17.70
OUL;OULU;FINLAND;64.930;25.35
N/A;ANADYR;RUSSIA;64.735;177.74
N/A;PATTIJOKI;FINLAND;64.688;24.70
SFT;SKELLEFTEA;SWEDEN;64.625;21.08
VHM;VILHELMINA;SWEDEN;64.579;16.83
N/A;AMSELE;SWEDEN;64.571;19.31
LYC;LYCKSELE;SWEDEN;64.548;18.72
KAJ;KAJAANI;FINLAND;64.285;27.69
N/A;YLIVIESKA-RAUDASKYLA;FINLAND;64.060;24.72
UME;UMEA;SWEDEN;63.792;20.28
N/A;HALLVIKEN;SWEDEN;63.738;15.46
N/A;PYHASALMI;FINLAND;63.732;25.93
KOK;KRUUNUPYY;FINLAND;63.721;23.14
OLA;ORLAND;NORWAY;63.699;9.60
TRD;TRONDHEIM;NORWAY;63.458;34608.00
OSD;OSTERSUND;SWEDEN;63.194;14.50
N/A;OPTAND;SWEDEN;63.129;14.80
KAU;KAUHAVA;FINLAND;63.127;23.05
KSU;KRISTIANSUND;NORWAY;63.112;7.82
VAA;VAASA;FINLAND;63.051;21.76
KRF;KRAMFORS;SWEDEN;63.048;17.77
KUO;KUOPIO;FINLAND;63.007;27.80
N/A;MENKIJARVI;FINLAND;62.947;23.52
MOL;MOLDE;NORWAY;62.746;7.27
JOE;JOENSUU;FINLAND;62.659;29.62
RRS;ROROS;NORWAY;62.578;11.34
AES;ALESUND;NORWAY;62.560;44871.00
SDL;SUNDSVALL;SWEDEN;62.528;17.44
N/A;SATTNA;SWEDEN;62.481;17.00
N/A;HEDE;SWEDEN;62.409;13.75
JYV;JYVASKYLA;FINLAND;62.399;25.68
VRK;VARKAUS;FINLAND;62.171;27.87
N/A;KITEE;FINLAND;62.166;30.07
YKS;YAKUTSK;RUSSIA;62.093;129.77
N/A;RANTASALMI;FINLAND;62.065;28.36
EVG;SVEG;SWEDEN;62.048;14.42
SVL;SAVONLINNA;FINLAND;61.943;28.95
N/A;FARILA;SWEDEN;61.898;15.71
N/A;IDRE;SWEDEN;61.869;12.69
KEV;HALLI;FINLAND;61.856;24.79
N/A;TEISKO;FINLAND;61.773;24.03
HUV;HUDIKSVALL;SWEDEN;61.768;17.08
N/A;HAMEENKYRO;FINLAND;61.689;23.07
MIK;MIKKELI;FINLAND;61.686;27.20
SCW;SYKTYVKAR;RUSSIA;61.648;50.85
FRO;FLORO;NORWAY;61.584;5.03
POR;PORI;FINLAND;61.462;44794.00
TMP;TAMPERE;FINLAND;61.414;23.60
N/A;FORDE;NORWAY;61.392;5.76
N/A;IMMOLA;FINLAND;61.249;28.90
N/A;PIIKAJARVI;FINLAND;61.246;22.19
N/A;ORSA;SWEDEN;61.190;14.71
SOG;SOGNDAL;NORWAY;61.156;7.14
N/A;VESIVEHMAA;FINLAND;61.144;25.69
N/A;EURA;FINLAND;61.116;22.20
N/A;SELANPAA;FINLAND;61.062;26.80
LPP;LAPPEENRANTA;FINLAND;61.044;28.14
VDB;FAGERNES;NORWAY;61.011;9.29
MXX;MORA;SWEDEN;60.958;14.51
NJC;NIZHNEVARTOVSK;RUSSIA;60.950;76.47
QVY;UTTI;FINLAND;60.896;26.94
HMR;HAMAR;NORWAY;60.818;11.07
N/A;RAYSKALA;FINLAND;60.745;24.11
N/A;HYVINKAA;FINLAND;60.654;24.88
N/A;BOMOEN;NORWAY;60.639;6.50
GVX;GAVLE;SWEDEN;60.593;16.95
TKU;TURKU;FINLAND;60.514;22.26
N/A;KIKALA;FINLAND;60.463;23.65
BLE;BORLANGE;SWEDEN;60.422;15.52
N/A;DAGLI;NORWAY;60.417;8.51
N/A;NUMMELA;FINLAND;60.334;24.30
HEL;HELSINKI;FINLAND;60.320;24.96
BGO;BERGEN;NORWAY;60.293;5.22
HEM;HELSINKI;FINLAND;60.254;25.04
OSL;OSLO;NORWAY;60.194;44572.00
N/A;TORSBY;SWEDEN;60.157;12.99
N/A;GIMO;SWEDEN;60.133;18.11
MHQ;MARIEHAMN;FINLAND;60.122;19.90
N/A;HAGFORS;SWEDEN;60.020;13.58
N/A;KJELLER;NORWAY;59.969;11.04
GDX;MAGADAN;RUSSIA;59.910;150.72
N/A;UPPSALA;SWEDEN;59.897;17.59
FBU;OSLO;NORWAY;59.896;10.62
N/A;HANKO;FINLAND;59.849;23.08
LED;ST. PETERSBURG;RUSSIA;59.800;30.27
SRP;STORD;NORWAY;59.792;5.34
N/A;ARVIKA;SWEDEN;59.676;12.64
ARN;STOCKHOLM;SWEDEN;59.652;17.92
VST;VASTERAS;SWEDEN;59.589;16.63
N/A;NOTODDEN;NORWAY;59.566;9.21
N/A;STOCKHOLM;SWEDEN;59.419;17.89
TLL;TALLINN-ULEMISTE INTERNATIONAL;ESTONIA;59.413;24.83
N/A;ARBOGA;SWEDEN;59.386;15.92
N/A;RYGGE;NORWAY;59.379;10.79
BMA;STOCKHOLM;SWEDEN;59.354;17.94
N/A;ESKILSTUNA;SWEDEN;59.351;16.71
KSK;KARLSKOGA;SWEDEN;59.346;14.50
HAU;HAUGESUND;NORWAY;59.345;5.21
N/A;STRANGNAS;SWEDEN;59.314;17.11
N/A;ARMARI AIR FORCE BASE;ESTONIA;59.259;24.20
ORB;OREBRO;SWEDEN;59.224;15.04
TRF;TORP;NORWAY;59.187;10.26
SKE;SKIEN;NORWAY;59.185;9.57
N/A;STOCKHOLM;SWEDEN;59.181;17.91
N/A;KARDLA;ESTONIA;58.991;22.83
SVG;STAVANGER;NORWAY;58.877;5.64
N/A;BJORKVIK;SWEDEN;58.791;16.57
NYO;STOCKHOLM;SWEDEN;58.789;16.91
N/A;NORRKOEPING;SWEDEN;58.611;16.10
N/A;MOHOLM;SWEDEN;58.598;14.11
NRK;NORRKOEPING;SWEDEN;58.586;16.25
N/A;KARLSBORG;SWEDEN;58.514;14.51
N/A;RADA;SWEDEN;58.498;13.05
LDK;LIDKOPING;SWEDEN;58.465;13.17
KVB;SKOVDE;SWEDEN;58.456;13.97
N/A;SATENAS;SWEDEN;58.426;12.71
N/A;PARNU;ESTONIA;58.419;24.47
N/A;HASSLOSA;SWEDEN;58.409;13.26
N/A;LINKOEPING;SWEDEN;58.402;15.53
THN;TROLLHATTAN;SWEDEN;58.318;12.35
N/A;KURESSAARE;ESTONIA;58.230;22.51
KRS;KRISTIANSAND;NORWAY;58.204;8.09
N/A;FALKOPING;SWEDEN;58.170;13.59
FAN;LISTA;NORWAY;58.100;6.63
PEE;PERM;RUSSIA;57.917;56.03
GSE;GOTHENBORG;SWEDEN;57.775;32082.00
JKG;JOENKOEPING;SWEDEN;57.758;14.07
GOT;GOTHENBORG;SWEDEN;57.663;47088.00
VBY;VISBY;SWEDEN;57.663;18.35
HLF;HULTSFRED;SWEDEN;57.526;15.82
N/A;SINDAL;DENMARK;57.503;10.23
OSK;OSKARSHAMN;SWEDEN;57.350;16.50
N/A;HAGSHULT;SWEDEN;57.292;14.14
N/A;LAESO;DENMARK;57.278;11.00
N/A;ANDERSTORP;SWEDEN;57.264;13.60
AAL;AALBORG;DENMARK;57.093;9.85
TED;THISTED;DENMARK;57.069;8.71
N/A;LJUNGBY;SWEDEN;56.950;13.92
VXO;VAXJO;SWEDEN;56.929;14.73
N/A;VESTHIMMERLAND;DENMARK;56.847;9.46
N/A;KOSTA;SWEDEN;56.844;15.45
KLD;TVER;RUSSIA;56.825;35.76
N/A;BYHOLMA;SWEDEN;56.785;13.60
SVX;SVERDLOVSK;RUSSIA;56.741;60.80
HAD;HALMSTAD;SWEDEN;56.691;30286.00
KLR;KALKMAR;SWEDEN;56.685;16.29
N/A;EMMABODA;SWEDEN;56.611;15.61
N/A;SKIVE;DENMARK;56.550;9.17
N/A;LINDTORP;DENMARK;56.397;8.44
BTK;BRATSK;RUSSIA;56.371;101.70
AAR;AARHUS;DENMARK;56.304;10.62
KRP;KARUP;DENMARK;56.297;9.12
AGH;ANGELHOLM;SWEDEN;56.296;12.85
RNB;RONNEBY;SWEDEN;56.267;15.27
N/A;KNISLINGE;SWEDEN;56.184;14.13
STA;STAUNING;DENMARK;55.990;8.35
SVO;MOSCOW;RUSSIA;55.972;37.42
JLD;LANDSKRONA;SWEDEN;55.945;12.86
N/A;GRONHOLT;DENMARK;55.941;12.38
KID;KRISTIANSTAD;SWEDEN;55.922;14.09
N/A;VAERLOSE;DENMARK;55.767;12.34
BLL;BILLUND;DENMARK;55.740;9.15
N/A;VANDEL;DENMARK;55.697;9.19
CPH;COPENHAGEN;DENMARK;55.618;12.66
KZN;KAZAN;RUSSIA;55.608;49.28
VKO;MOSCOW;RUSSIA;55.591;37.26
RKE;COPENHAGEN;DENMARK;55.586;12.13
MMX;MALMOE;SWEDEN;55.530;13.37
EBJ;ESBJERG;DENMARK;55.526;8.55
ODE;ODENSE;DENMARK;55.476;10.33
KRO;KURGAN;RUSSIA;55.475;65.42
N/A;KOLDING;DENMARK;55.436;9.33
CEK;CHELYABINSK;RUSSIA;55.303;61.51
KEJ;KEMOROVO;RUSSIA;55.270;86.11
SKS;SKRYDSTRUP;DENMARK;55.225;9.26
VTB;VITEBSK;RUSSIA;55.167;30.13
RNN;RONNE;DENMARK;55.063;14.76
SGD;SOENDERBORG;DENMARK;54.964;9.79
GWT;WESTERLAND;GERMANY;54.913;12632.00
KGD;KALININGRAD;RUSSIA;54.890;20.59
N/A;KRUSA-PADBORG;DENMARK;54.870;9.28
N/A;FLENSBURG;GERMANY;54.772;9.38
N/A;MARIBO;DENMARK;54.699;16377.00
N/A;EGGEBECK;GERMANY;54.625;9.34
UFA;UFA;RUSSIA;54.557;55.87
OSP;SLUPSK;POLAND;54.479;17.11
N/A;SCHLESWIG;GERMANY;54.459;9.52
KEL;KIEL;GERMANY;54.379;10.15
GDN;GDANSK;POLAND;54.377;18.47
N/A;BARTH;GERMANY;54.338;26268.00
N/A;HOHN;GERMANY;54.312;9.54
N/A;RENDSBURG;GERMANY;54.221;9.60
N/A;KOSZALIN;POLAND;54.042;16.26
N/A;ITZEHOE;GERMANY;53.994;9.58
RLG;LAAGE;GERMANY;53.918;12.28
MSQ;MINSK 2;RUSSIA;53.882;28.03
N/A;HERINGSDORF;GERMANY;53.879;14.15
MHP;MINSK;RUSSIA;53.864;27.54
N/A;ANKLAM;GERMANY;53.833;13.67
LBC;LUEBECK;GERMANY;53.805;10.72
N/A;SHAPAJA;PERU;53.791;15.83
N/A;NORDHOLZ;GERMANY;53.767;8.66
ABA;ABAKAN;RUSSIA;53.740;91.39
NRD;NORDERNEY;GERMANY;53.707;45108.00
HAM;HAMBURG;GERMANY;53.630;9.99
N/A;NEUBRANDENBURG;GERMANY;53.602;13.31
BMK;BORKUM;GERMANY;53.595;6.71
SZZ;SZCZECHIN;POLAND;53.585;14.90
N/A;WITTMUNDHAFEN;GERMANY;53.548;7.67
XFW;HAMBURG;GERMANY;53.535;9.84
N/A;JEVER;GERMANY;53.533;7.89
N/A;OKHA;RUSSIA;53.515;142.89
WVN;WILHELMSHAVEN;GERMANY;53.505;8.05
KBY;SAMARA;RUSSIA;53.505;50.16
BRV;BREMERHAVEN;GERMANY;53.503;8.57
SZW;PARCHIM;GERMANY;53.427;11.78
N/A;SZCZECHIN;POLAND;53.392;14.63
EME;EMDEN;GERMANY;53.391;7.23
BAX;BARNAUL;RUSSIA;53.364;83.54
N/A;RECHLIN-LAERZ;GERMANY;53.306;12.75
N/A;LEER;GERMANY;53.272;7.44
LWR;LEEUWARDEN;NETHERLANDS;53.229;5.76
KTQ;KUSTANAY;RUSSIA;53.206;63.55
LEM;LEMWERDER;GERMANY;53.143;8.62
N/A;DRACHTEN;NETHERLANDS;53.119;41426.00
GRQ;GRONINGEN;NETHERLANDS;53.119;6.58
BRE;BREMEN;GERMANY;53.047;8.79
DHR;DE KOOY;NETHERLANDS;52.923;4.78
N/A;KYRITZ;GERMANY;52.919;12.43
N/A;FASSBERG;GERMANY;52.919;10.18
CLF;COLTISHALL;ENGLAND;52.755;1.36
SYA;SHEMYA;USA;52.712;174.11
NWI;NORWICH;ENGLAND;52.676;1.28
N/A;STENDAL;GERMANY;52.629;30256.00
ZCN;CELLE;GERMANY;52.591;10.02
N/A;DIEPHOLZ;GERMANY;52.585;8.34
N/A;STRAUSBERG;GERMANY;52.580;13.92
TXL;BERLIN;GERMANY;52.559;13.29
GME;GOMEL;RUSSIA;52.527;31.02
THF;BERLIN;GERMANY;52.473;13.40
HAJ;HANNOVER;GERMANY;52.461;9.69
N/A;LELYSTAD;NETHERLANDS;52.460;5.53
N/A;WUNSTORF;GERMANY;52.457;9.43
POZ;POZNAN;POLAND;52.421;16.83
SXF;BERLIN;GERMANY;52.380;13.52
N/A;HOPSTEN;GERMANY;52.339;7.54
BWE;BRAUNSCHWEIG;GERMANY;52.319;10.56
AMS;AMSTERDAM;NETHERLANDS;52.309;4.76
N/A;RHEINE-BRENTLANGE;GERMANY;52.291;7.39
N/A;BRUECKEBURG;GERMANY;52.278;9.08
ENS;ENSCHEDE;NETHERLANDS;52.270;6.87
IKT;IRKUTSK;RUSSIA;52.267;104.40
N/A;SCHOENHAGEN;GERMANY;52.203;13.16
N/A;EISENHUETTENSTADT;GERMANY;52.197;14.59
N/A;HILDESHEIM;GERMANY;52.177;9.95
LID;VALKENBURG;NETHERLANDS;52.170;4.43
WAW;WARSAW;POLAND;52.166;20.97
IEG;ZIELONA GORA;POLAND;52.139;15.80
FMO;MUENSTER/OSNABRUECK;GERMANY;52.134;7.69
N/A;MAGDEBURG;GERMANY;52.074;11.63
N/A;DEELEN;NETHERLANDS;52.061;5.87
HTA;CHITA;RUSSIA;52.026;113.31
N/A;STADTLOHN;GERMANY;51.996;30834.00
RTM;ROTTERDAM;NETHERLANDS;51.957;4.44
GUT;GUETERSLOH;GERMANY;51.923;8.31
N/A;COTTBUS;GERMANY;51.889;14.53
N/A;COCHSTEDT;GERMANY;51.856;11.42
N/A;DESSAU;GERMANY;51.832;12.19
UUD;ULAN-UDE;RUSSIA;51.807;107.44
REN;ORENBURG;RUSSIA;51.796;55.46
N/A;COTTBUS;GERMANY;51.768;14.29
N/A;HOLZDORF;GERMANY;51.768;13.17
N/A;KOETHEN;GERMANY;51.721;11.96
N/A;PRESCHEN;GERMANY;51.664;14.63
PAD;PADERBORN;GERMANY;51.614;8.62
N/A;SOEST;GERMANY;51.608;13.74
LRC;LAARBRUCH;GERMANY;51.602;6.14
N/A;GILZE-RIJEN;NETHERLANDS;51.568;4.93
N/A;HALLE;GERMANY;51.552;12.05
N/A;KAMP;GERMANY;51.530;6.54
DTM;DORTMUND;GERMANY;51.518;7.61
ZCA;ARNSBERG;GERMANY;51.483;7.90
EIN;EINDHOVEN;NETHERLANDS;51.450;5.37
WOE;WOENSDRECHT;NETHERLANDS;51.449;4.34
LEJ;LEIPZIG;GERMANY;51.424;12.24
KSF;KASSEL;GERMANY;51.408;9.38
ESS;ESSEN;GERMANY;51.401;6.94
N/A;WEELDE;BELGIUM;51.395;4.96
N/A;ROTHENBURG/OL;GERMANY;51.364;14.95
N/A;MUEHLHAUSEN;GERMANY;51.363;11.94
MSE;MANSTON;ENGLAND;51.342;1.35
N/A;BRASSCHAAT;BELGIUM;51.333;44685.00
N/A;NEUBRANDENBURG;GERMANY;51.328;12.66
N/A;SUHL;GERMANY;51.308;13.56
N/A;KAMENZ;GERMANY;51.296;14.13
N/A;RIESA;GERMANY;51.294;13.36
DUS;DUESSELDORF;GERMANY;51.289;6.77
N/A;ZOERSEL;BELGIUM;51.266;4.76
N/A;WEERT;NETHERLANDS;51.255;5.60
MGL;MOENCHENGLADBACH;GERMANY;51.230;6.50
BGN;BRUEGGEN;GERMANY;51.200;6.13
OST;OSTEND;BELGIUM;51.199;2.86
ANR;ANTWERP;BELGIUM;51.190;4.46
N/A;KLEINE BROGEL;BELGIUM;51.168;5.47
N/A;URSEL;BELGIUM;51.144;3.47
DRS;DRESDEN;GERMANY;51.133;13.77
WRO;WROCLAW;POLAND;51.102;16.89
N/A;MEINERZHAGEN;GERMANY;51.099;7.60
N/A;KOKSIJDE;BELGIUM;51.090;2.65
N/A;ALLENDORF;GERMANY;51.035;8.68
TSE;TSELINOGRAD;RUSSIA;51.022;71.47
N/A;EISENACH;GERMANY;50.993;10.47
AOC;ALTENBURG;GERMANY;50.982;12.51
ERF;ERFURT;GERMANY;50.980;10.96
CQF;CALAIS;FRANCE;50.962;1.96
GKE;GEILENKIRCHEN;GERMANY;50.961;6.04
N/A;ZUTENDAAL;BELGIUM;50.948;5.59
N/A;JENA;GERMANY;50.917;11.71
MST;MAASTRICHT;NETHERLANDS;50.911;28246.00
BRU;BRUSSELS;BELGIUM;50.902;4.50
CGN;COLOGNE;GERMANY;50.866;7.14
N/A;NOERVENICH;GERMANY;50.831;6.66
AAH;AACHEN;GERMANY;50.823;6.19
QKT;KORTRIJK-VEVELGEM;BELGIUM;50.818;3.21
N/A;SINT-TRUIDEN;BELGIUM;50.788;5.19
N/A;BEAUVECHAIN;BELGIUM;50.759;4.77
N/A;SIEGERLAND;GERMANY;50.708;8.08
LGG;LIEGE;BELGIUM;50.637;5.44
N/A;MERVILLE;FRANCE;50.618;2.64
N/A;CHIEVRES;BELGIUM;50.576;3.83
LIL;LILLE;FRANCE;50.562;3.09
N/A;MNICHOVO HRADISTE;CZECH REPUBLIC;50.540;15.01
LTQ;LE TOURQUET;FRANCE;50.515;1.63
KTW;KATOWICE;POLAND;50.474;44792.00
CRL;CHARLEROI;BELGIUM;50.459;4.45
N/A;DAHLEMER BINZ;GERMANY;50.406;6.53
IEV;KIEV;RUSSIA;50.402;30.45
N/A;MENDIG;GERMANY;50.366;7.32
PLX;SEMIPLATINSK;RUSSIA;50.351;80.23
KBP;KIEV;RUSSIA;50.345;30.90
N/A;VALENCIENNES;FRANCE;50.326;3.46
ZNV;KOBLENZ;GERMANY;50.325;7.53
N/A;MIELEC;POLAND;50.322;21.46
N/A;MAUBEUGE;FRANCE;50.310;4.03
HOQ;HOF;GERMANY;50.289;11.86
N/A;COBURG;GERMANY;50.263;11.00
N/A;HRADEC KRALOVE;CZECH REPUBLIC;50.253;15.85
AKX;AKTYUBINSK;RUSSIA;50.245;57.20
N/A;FLORENNES;BELGIUM;50.244;4.65
N/A;KATOWICE;POLAND;50.238;19.04
N/A;CAMBRAI;FRANCE;50.222;3.15
N/A;VODOCHODY;CZECH REPUBLIC;50.216;14.40
KLV;KARLOVY VARY;CZECH REPUBLIC;50.203;12.92
N/A;BUECHEL;GERMANY;50.174;7.06
ZNF;HANAU;GERMANY;50.169;8.96
N/A;ABBEVILLE;FRANCE;50.143;1.83
N/A;CAMBRAI;FRANCE;50.141;3.26
N/A;PRAHA;CZECH REPUBLIC;50.121;14.54
RZE;RZESZOW;POLAND;50.110;22.02
KRK;KRAKOW;POLAND;50.078;19.79
N/A;WIESBADEN;GERMANY;50.050;8.33
FRA;FRANKFURT;GERMANY;50.026;8.54
N/A;HASSFURT;GERMANY;50.018;10.53
PED;PARDUBICE;CZECH REPUBLIC;50.013;15.74
BYU;BAYREUTH;GERMANY;49.984;11.64
SPM;SPANGDAHLEM;GERMANY;49.973;6.69
N/A;ALBERT;FRANCE;49.971;44744.00
N/A;MAINZ;GERMANY;49.969;8.15
N/A;EGELSBACH;GERMANY;49.961;8.64
HHN;HAHN;GERMANY;49.950;7.26
N/A;CASLAV;CZECH REPUBLIC;49.939;15.38
N/A;BAMBERG;GERMANY;49.920;10.91
N/A;BERTRIX;BELGIUM;49.887;5.23
N/A;AMIENS;FRANCE;49.871;2.39
N/A;PERONNE;FRANCE;49.869;3.03
N/A;ROSENTHAL;GERMANY;49.863;11.79
ZQF;TRIER;GERMANY;49.863;6.79
LWO;LVOV;RUSSIA;49.813;23.96
N/A;BURG FEUERSTEIN;GERMANY;49.794;11.13
N/A;CHARLEVILLE;FRANCE;49.784;4.65
N/A;ST.-SIMON;FRANCE;49.758;3.21
N/A;KITZINGEN;GERMANY;49.743;10.20
N/A;PRIBRAM;CZECH REPUBLIC;49.719;14.10
N/A;GRAFENWOEHR;GERMANY;49.699;11.94
OSR;OSTRAVA;CZECH REPUBLIC;49.696;18.11
N/A;CHOTEBOR;CZECH REPUBLIC;49.684;15.68
N/A;LINE;CZECH REPUBLIC;49.675;13.27
GHF;GIEBELSTADT;GERMANY;49.648;9.97
N/A;VILSECK;GERMANY;49.634;11.77
LUX;LUXEMBURG;LUXEMBURG;49.626;6.21
N/A;WORMS;GERMANY;49.606;8.37
N/A;COLEMAN;GERMANY;49.563;8.46
NUE;NUERNBERG;GERMANY;49.499;11.08
MHG;MANNHEIM;GERMANY;49.473;8.51
BVA;BEAUVAIS;FRANCE;49.454;2.11
RMS;RAMSTEIN;GERMANY;49.438;7.60
PRV;PREROV;CZECH REPUBLIC;49.426;17.41
QHD;HEIDELBERG;GERMANY;49.393;8.65
N/A;NIEDERSTETTEN;GERMANY;49.392;9.96
URO;ROUEN;FRANCE;49.384;1.18
N/A;KHARKOV;RUSSIA;49.359;26.93
RHE;REIMS;FRANCE;49.310;44685.00
ZQC;SPEYER;GERMANY;49.302;8.45
CSF;CREIL;FRANCE;49.253;2.52
N/A;SOBESLAV;CZECH REPUBLIC;49.245;14.71
N/A;ZILINA;SLOVAKIA;49.232;18.61
N/A;ETAIN;FRANCE;49.227;5.67
N/A;ROTH;GERMANY;49.218;11.10
N/A;HOHENFELS;GERMANY;49.218;11.84
SCN;SAARBRUECKEN;GERMANY;49.214;7.11
N/A;ZWEIBRUECKEN;GERMANY;49.209;7.40
HLD;HAILAR;CHINA;49.205;119.83
N/A;NAMEST;CZECH REPUBLIC;49.166;16.13
BRQ;TURANY;CZECH REPUBLIC;49.151;16.69
N/A;VERDUN;FRANCE;49.122;5.47
N/A;SCHWAEBISCH HALL;GERMANY;49.118;9.78
POX;PONTOISE;FRANCE;49.096;2.04
TAT;POPRAD;SLOVAKIA;49.073;20.24
MZM;METZ;FRANCE;49.072;6.13
CDG;PARIS;FRANCE;49.013;20121.00
N/A;KARLSRUHE;GERMANY;48.982;8.33
ETZ;METZ;FRANCE;48.982;6.25
LBG;PARIS;FRANCE;48.969;2.44
N/A;CESKE BUDEJOVICE;CZECH REPUBLIC;48.946;14.43
N/A;STRAUBING;GERMANY;48.901;12.52
N/A;TRENCIN;SLOVAKIA;48.865;17.99
N/A;COULOMMIERS;FRANCE;48.838;3.02
N/A;HAGUENAU;FRANCE;48.793;7.82
ZCC;BADEN-BADEN;GERMANY;48.791;8.19
VOG;VOLGOGRAD;RUSSIA;48.782;44.35
N/A;TOUL;FRANCE;48.780;35916.00
N/A;AALEN-HEIDENHEIM;GERMANY;48.778;10.26
N/A;CHALONS;FRANCE;48.776;4.18
N/A;PHALSBOURG;FRANCE;48.766;44599.00
TNF;TOUSSOUS-LE-NOBLE;FRANCE;48.752;2.11
ORY;PARIS;FRANCE;48.725;2.36
N/A;INGOLSTADT;GERMANY;48.716;11.53
N/A;NEUBURG;GERMANY;48.711;11.21
ENC;NANCY;FRANCE;48.692;45078.00
STR;STUTTGART;GERMANY;48.690;9.22
KSC;KOSICE;SLOVAKIA;48.663;21.24
SLD;SLIAC;SLOVAKIA;48.638;19.13
N/A;VILSHOFEN;GERMANY;48.636;13.20
N/A;ST.-DIZIER;FRANCE;48.636;4.90
PZY;PIESTANY;SLOVAKIA;48.625;17.83
N/A;MELUN;FRANCE;48.605;2.67
N/A;BRETIGNY-SUR-ORGE;FRANCE;48.597;2.33
N/A;LUNEVILLE;FRANCE;48.597;6.55
N/A;NANGIS;FRANCE;48.594;3.01
N/A;NANCY;FRANCE;48.583;5.96
KHV;KHABAROVSK;RUSSIA;48.528;135.19
N/A;BRIENNE-LE CHATEAU;FRANCE;48.430;4.48
AGB;AUGSBURG;GERMANY;48.425;10.93
N/A;MALACKY;SLOVAKIA;48.402;17.12
N/A;EGGENFELDEN;GERMANY;48.396;12.72
DNK;DNEPROPETROVSK;RUSSIA;48.357;35.10
MUC;MUNICH;GERMANY;48.354;11.79
EPL;EPINAL;FRANCE;48.325;44748.00
QYR;TROYES;FRANCE;48.323;4.02
N/A;ERDING;GERMANY;48.322;11.95
N/A;LANGENLEBARN;AUSTRIA;48.321;16.11
N/A;CHERNOVTSK;RUSSIA;48.260;25.98
LNZ;LINZ;AUSTRIA;48.233;14.18
N/A;LINZ;AUSTRIA;48.233;14.19
N/A;LAUPHEIM;GERMANY;48.220;33482.00
N/A;LECHFELD;GERMANY;48.186;10.86
N/A;WELS;AUSTRIA;48.183;14.04
BTS;BRATISLAVA;SLOVAKIA;48.170;17.21
N/A;BIBERACH;GERMANY;48.111;9.76
N/A;DAMBLAIN;FRANCE;48.085;5.67
OBF;OBERPFAFFENHOFEN;GERMANY;48.081;11.28
N/A;LANDSBERG;GERMANY;48.071;10.91
N/A;MENGEN;GERMANY;48.054;9.37
N/A;FREIBURG;GERMANY;48.020;7.83
N/A;VIENNA;AUSTRIA;48.000;44697.00
N/A;JOIGNY;FRANCE;47.992;3.39
N/A;MEMMINGEN;GERMANY;47.989;10.24
ORE;ORLEANS;FRANCE;47.988;1.76
N/A;NYIRREGYHAZA;HUNGARY;47.984;21.69
ZQL;DONAUESCHINGEN;GERMANY;47.973;8.52
N/A;COLMAR;FRANCE;47.922;7.40
N/A;ORLEANS;FRANCE;47.897;2.16
N/A;LEUTKIRCH;GERMANY;47.859;10.01
AUF;AUXERRE;FRANCE;47.850;3.50
N/A;SALTSY;MOLDOVA;47.838;27.78
SZG;SALZBURG;AUSTRIA;47.793;13.00
N/A;LUXEUIL;FRANCE;47.783;6.36
DZH;DZHEZKAZGAN;RUSSIA;47.708;67.73
N/A;LURE;FRANCE;47.704;6.55
SUJ;SATU MARE;ROMANIA;47.703;22.89
SCV;SUCEAVA;ROMANIA;47.688;26.35
FDH;FRIEDRICHSHAFEN;GERMANY;47.671;9.51
N/A;VESOUL-FROTEY;FRANCE;47.638;6.20
MLH;MULHOUSE;FRANCE;47.589;19541.00
N/A;GODOLLO;HUNGARY;47.571;19.34
DEB;DEBRECEN;HUNGARY;47.489;21.62
N/A;MONTBELIARD;FRANCE;47.487;6.79
ACH;ALTENRHEIN;SWITZERLAND;47.485;9.56
ZRH;ZURICH;SWITZERLAND;47.465;8.55
BUD;BUDAPEST;HUNGARY;47.437;19.26
N/A;DUBENDORF;SWITZERLAND;47.399;8.65
N/A;ZURICH;SWITZERLAND;47.383;8.57
N/A;PAPA;HUNGARY;47.364;17.50
N/A;TOKOL;HUNGARY;47.345;18.98
N/A;BROYE-LES-PESMES;FRANCE;47.335;5.51
DIJ;DIJON;FRANCE;47.269;44809.00
INN;INNSBRUCK;AUSTRIA;47.260;11.34
ROV;ROSTOV;RUSSIA;47.258;39.82
N/A;ZELTWEG;AUSTRIA;47.203;14.74
N/A;GRENCHEN;SWITZERLAND;47.181;7.42
N/A;SZOLNOK;HUNGARY;47.123;20.24
N/A;EMMEN;SWITZERLAND;47.092;8.31
N/A;LES EPLATURES;SWITZERLAND;47.084;6.79
N/A;AZENTKILYSZABADJA;HUNGARY;47.078;17.97
BOU;BOURGES;FRANCE;47.058;13547.00
N/A;AVORD;FRANCE;47.053;2.63
DLE;DOLE;FRANCE;47.039;5.43
OMR;ORADEA;ROMANIA;47.025;21.90
N/A;BEAUNE;FRANCE;47.006;4.89
NVS;NEVERS;FRANCE;47.001;3.11
GRZ;GRAZ;AUSTRIA;47.000;15.43
N/A;GRAZ;AUSTRIA;46.991;15.44
N/A;BUOCHS;SWITZERLAND;46.975;8.40
N/A;AUTUN;FRANCE;46.966;46113.00
N/A;ALPNACH;SWITZERLAND;46.944;8.28
KIV;KICHINAU FIR/ACC/COM;MOLDOVA;46.928;28.93
N/A;KECSKEMET;HUNGARY;46.917;19.75
BRN;BERN;SWITZERLAND;46.914;7.50
N/A;PONTARLIER;FRANCE;46.904;6.33
N/A;BALKHASH;RUSSIA;46.894;75.01
UUS;YUZHNO-SAKHALINSK;RUSSIA;46.889;142.72
CHR;CHATEAUROUX;FRANCE;46.862;1.73
N/A;SIOFOK;HUNGARY;46.858;18.10
N/A;PAYERNE;SWITZERLAND;46.843;6.92
N/A;JIAMUSI;CHINA;46.843;130.47
XCD;CHALON;FRANCE;46.826;4.82
CLJ;CLUJ-NAPOCA;ROMANIA;46.785;23.69
N/A;MEIRINGEN;SWITZERLAND;46.743;44873.00
N/A;SARMELLEK;HUNGARY;46.686;17.16
N/A;INTERLAKEN;SWITZERLAND;46.676;7.88
KLU;KLAGENFURT;AUSTRIA;46.650;14.33
N/A;KLAGENFURT;AUSTRIA;46.642;14.34
N/A;ZURICH AREA;SWITZERLAND;46.614;7.68
SMV;SAMEDAN;SWITZERLAND;46.532;9.88
N/A;ULRICHEN;SWITZERLAND;46.501;8.30
N/A;SAANEN;SWITZERLAND;46.488;7.25
MBX;MARIBOR;SLOVENIA;46.480;15.69
N/A;SLOVENJ GRADEC;SLOVENIA;46.472;15.12
TGM;TIRGU MURES;ROMANIA;46.468;24.41
BZO;BOLZANO;ITALY;46.461;11.33
ODS;ODESSA;RUSSIA;46.427;30.68
N/A;ST.-YAN;FRANCE;46.413;4.01
N/A;TASZAR;HUNGARY;46.393;17.92
N/A;KAPOSVAR;HUNGARY;46.389;17.73
MCU;MONTLUCON;FRANCE;46.352;20852.00
N/A;OCSENY;HUNGARY;46.304;18.77
N/A;TURTMANN;SWITZERLAND;46.304;7.71
N/A;RARON;SWITZERLAND;46.304;7.82
N/A;VARAZDIN;CROATIA;46.295;16.38
QNX;MACON;FRANCE;46.295;4.80
ASF;ASTRAKHAN;RUSSIA;46.283;48.01
GVA;GENEVA;SWITZERLAND;46.238;6.11
MCU;MONTLUCON-GUERET;FRANCE;46.224;2.36
LJU;LJUBLIANA;SLOVENIA;46.224;14.46
SIR;SION;SWITZERLAND;46.219;7.33
XBK;BOURG;FRANCE;46.201;5.29
QNJ;ANNEMASSE;FRANCE;46.192;6.27
ARW;ARAD;ROMANIA;46.176;21.26
VHY;VICHY;FRANCE;46.169;3.40
RNE;ROANNE;FRANCE;46.058;4.00
AVB;AVIANO;ITALY;46.032;12.60
LUG;LUGANO;SWITZERLAND;46.004;8.91
N/A;AMBERIEU;FRANCE;45.987;5.33
N/A;RIVOLTO;ITALY;45.981;13.05
NCY;ANNECY;FRANCE;45.929;6.10
XVF;VILEFRANCE;FRANCE;45.916;4.64
LIG;LIMOGES;FRANCE;45.863;1.18
TRS;RONCHI DE LEGIONARI;ITALY;45.828;13.47
TSR;TIMISOARA;ROMANIA;45.810;21.34
CFE;CLERMONT FERRAND;FRANCE;45.786;3.17
SBZ;SIBIU;ROMANIA;45.786;24.09
ZAG;ZAGREB;CROATIA;45.743;16.07
N/A;AOSTA;ITALY;45.738;7.37
LYN;LYON;FRANCE;45.728;4.95
LYS;LYON;FRANCE;45.726;5.09
N/A;TREVISO;ITALY;45.684;12.09
BGY;BERGAMO;ITALY;45.674;9.70
TSF;TREVISO;ITALY;45.649;12.20
CMF;CHAMBERY;FRANCE;45.638;32264.00
MXP;MILANO;ITALY;45.631;8.73
VIC;VICENZA;ITALY;45.574;11.53
N/A;CHAMBERY;FRANCE;45.561;5.98
N/A;CEPIN;CROATIA;45.542;18.64
EBU;ST.-ETIENNE;FRANCE;45.540;4.30
N/A;MILANO;ITALY;45.540;9.20
N/A;USSEL;FRANCE;45.535;2.42
N/A;CAMERI;ITALY;45.529;8.67
VCE;VENICE;ITALY;45.505;12.35
POW;PORTOROZ;SLOVENIA;45.473;13.62
N/A;VERONA;ITALY;45.472;10.93
OSI;OSIJEK;CROATIA;45.463;18.81
LIN;MILAN;ITALY;45.445;9.28
N/A;GHEDI;ITALY;45.432;10.27
VBS;MONTICHIARI;ITALY;45.429;10.33
CSB;CARANSEBES;ROMANIA;45.420;22.25
WKJ;WAKKANAI;JAPAN;45.404;141.80
QPA;PADOVA;ITALY;45.396;11.85
VRN;VILLAFRANCA;ITALY;45.396;10.89
N/A;GROBNIK;CROATIA;45.379;14.50
GNB;GRENOBLE;FRANCE;45.363;5.33
RIS;RISHIRI ISLAND;JAPAN;45.242;141.19
TRN;TORINO;ITALY;45.201;7.65
BVE;BRIVE;FRANCE;45.151;1.47
STW;STAVROPOL;RUSSIA;45.109;42.11
N/A;TURIN;ITALY;45.086;7.60
LPY;LE PUY;FRANCE;45.079;3.77
N/A;ST.-FLOUR;FRANCE;45.076;2.99
TCE;TULCEA;ROMANIA;45.062;28.71
SIP;SIMFEROPOL;RUSSIA;45.039;33.98
KRR;KRASNODAR;RUSSIA;45.035;39.17
N/A;BANJA LUKA;BOSNIA-HERCEGOVINA;44.941;17.30
VAF;VALENCE;FRANCE;44.921;35521.00
QPZ;PIACENZA;ITALY;44.913;9.72
PUY;PULA;CROATIA;44.893;13.92
AUR;AURILLAC;FRANCE;44.891;2.42
PMF;PARMA;ITALY;44.824;10.30
BEG;BEOGRAD;YUGOSLAVIA;44.818;20.31
OTP;BUCHAREST;ROMANIA;44.574;26.10
N/A;UDBINA;CROATIA;44.557;15.77
CUF;LEVALDIGI;ITALY;44.546;7.62
OBS;AUBENAS-VALS-LANAS;FRANCE;44.544;4.37
BLQ;BOLOGNA;ITALY;44.534;47423.00
N/A;MUDANJIANG;CHINA;44.524;129.57
BBU;BUCHAREST;ROMANIA;44.503;26.10
MEN;MENDE;FRANCE;44.502;3.53
GOA;GENOA;ITALY;44.412;8.84
RDZ;RODEZ;FRANCE;44.408;2.48
CND;CONSTANTA;ROMANIA;44.362;28.49
N/A;CAHORS;FRANCE;44.351;1.48
CRA;CRAIOVA;ROMANIA;44.318;23.89
MBE;MONBETSU;JAPAN;44.304;143.40
N/A;CERVIA;ITALY;44.224;12.31
FRL;FORLI;ITALY;44.195;44754.00
N/A;CASSAGNES-BEGHONES;FRANCE;44.177;2.52
N/A;ORANGE;FRANCE;44.140;4.87
ZAD;ZADAR;CROATIA;44.108;15.35
N/A;ALES;FRANCE;44.069;4.14
N/A;APT;FRANCE;44.057;5.50
ALL;ALBENGA;ITALY;44.051;8.13
N/A;CARPENTRAS;FRANCE;44.030;5.08
N/A;MONTAUBAN;FRANCE;44.026;1.38
RMI;RIMINI;ITALY;44.020;12.61
N/A;MILLAU;FRANCE;43.990;3.18
LBI;ALBI;FRANCE;43.914;2.11
AVN;AVIGNON;FRANCE;43.907;4.90
URC;URUMQI;CHINA;43.907;87.47
MMB;MEMANBETSU;JAPAN;43.881;144.16
N/A;SHEVCHENKO;RUSSIA;43.860;51.09
SJJ;SARAJEVO;BOSNIA-HERCEGOVINA;43.824;18.33
FLR;FIRENZE;ITALY;43.810;11.21
FNI;NIMES;FRANCE;43.757;4.42
PSA;PISA;ITALY;43.684;10.39
AKJ;ASAHIKAWA;JAPAN;43.671;142.45
NCE;NICE;FRANCE;43.661;7.22
TLS;TOULOUSE;FRANCE;43.629;1.36
N/A;SALON;FRANCE;43.606;5.11
N/A;TOULOUSE;FRANCE;43.586;1.50
SHB;NAKASHIBETSU;JAPAN;43.577;144.96
MPL;MONTPELLIER;FRANCE;43.576;3.96
N/A;TOULOUSE;FRANCE;43.569;1.48
DCM;CASTRES;FRANCE;43.556;2.29
N/A;TOULOUSE;FRANCE;43.546;1.37
CEQ;CANNES;FRANCE;43.542;6.95
SPU;SPLIT;CROATIA;43.539;16.30
N/A;ISTRES;FRANCE;43.523;4.92
QXB;AIX-LES-MILLES;FRANCE;43.505;5.37
LRH;LA ROCHELLE;FRANCE;43.449;1.26
AER;SOCHI;RUSSIA;43.446;39.95
MRS;MARSEILLE;FRANCE;43.436;5.21
VVO;VLADIVOSTOK;RUSSIA;43.399;132.15
N/A;LE LUC;FRANCE;43.384;6.39
BZR;BEZIERS;FRANCE;43.324;3.36
OMO;MOSTAR;BOSNIA-HERCEGOVINA;43.283;17.85
SAY;SIENA;ITALY;43.257;11.25
CTT;LE CASTELLET;FRANCE;43.252;5.79
N/A;CUERS;FRANCE;43.248;6.13
VAR;VARNA;BULGARIA;43.232;27.83
CCF;CARCASSONNE;FRANCE;43.216;2.31
N/A;LEZIGNAN-CORBIERES;FRANCE;43.176;2.73
GOZ;GORNA ORECHOVICA;BULGARIA;43.151;25.71
TLN;HYERES;FRANCE;43.097;6.15
PEG;PERUGIA;ITALY;43.096;12.51
N/A;PAMIERS;FRANCE;43.091;1.70
FRU;BISHKEK;RUSSIA;43.062;74.48
N/A;ST.-GIRONS;FRANCE;43.008;1.10
N/A;TOKACHI;JAPAN;42.890;143.16
N/A;YANJI;CHINA;42.882;129.45
SUI;SUKHUMI;GEORGIA;42.858;41.13
MCX;MAKHACHKALA;RUSSIA;42.817;47.65
SPK;CHITOSE;JAPAN;42.794;141.67
CTS;SAPPORO;JAPAN;42.775;141.69
GRS;GROSSETO;ITALY;42.761;11.07
EBA;MARINA DI CAMPO;ITALY;42.760;10.24
PGF;PERPIGNAN;FRANCE;42.740;2.87
OBO;OBIHIRO;JAPAN;42.733;143.22
SOF;SOFIA;BULGARIA;42.695;23.41
PRN;PRISTINA;YUGOSLAVIA;42.573;21.04
BOJ;BOURGAS;BULGARIA;42.569;27.51
DBV;DUBROVNIK;CROATIA;42.561;18.27
BIA;BASTIA;CORSE ISL.;42.554;9.48
CLY;CALVI;CORSE ISL.;42.531;8.79
NCU;NUKUS;RUSSIA;42.486;59.62
PSR;PESCARA;ITALY;42.431;14.18
N/A;VITERBO;ITALY;42.430;12.06
TIV;TIVAT;YUGOSLAVIA;42.404;18.72
N/A;STARA ZAGORA;BULGARIA;42.377;25.66
TGD;PODGORICA;YUGOSLAVIA;42.359;19.25
LEU;SEO DE URGEL;SPAIN;42.339;1.41
N/A;CORTE;FRANCE;42.294;9.19
PDV;PLOVDIV;BULGARIA;42.068;24.85
N/A;NINIOP;TURKEY;42.019;35.08
N/A;GUIDONIA;ITALY;41.990;12.74
SKP;SKOPJE;FORMER MACEDONIA;41.961;21.62
N/A;ROME;ITALY;41.952;12.50
AJA;AJACCIO;CORSE ISL.;41.924;8.80
SOZ;SOLENZARA;CORSE ISL.;41.924;9.41
GRO;GERONA;SPAIN;41.901;27791.00
FCO;ROME;ITALY;41.813;12.25
CIA;ROME;ITALY;41.799;12.60
HKD;HAKODATE;JAPAN;41.770;140.82
TBS;TBILISI;GEORGIA;41.669;44.96
N/A;PROPRIANO;FRANCE;41.663;32721.00
N/A;PRATICA DI MARE;ITALY;41.654;12.44
QLT;LATINA;ITALY;41.542;12.91
N/A;AMENDOLA;ITALY;41.539;15.71
FSC;FIGARI;CORSE ISL.;41.501;9.10
TIA;TIRANA;ALBANIA;41.415;19.72
N/A;KASTAMONU;TURKEY;41.314;33.80
BCN;BARCELONA;SPAIN;41.297;2.08
SSX;SAMSUN;TURKEY;41.276;36.30
TAS;TASHKENT;UZBEKISTAN;41.257;69.28
N/A;EREGLI;TURKEY;41.254;31.42
OHD;OHRID;FORMER MACEDONIA;41.180;20.74
REU;REUS;SPAIN;41.147;1.17
BRI;BARI;ITALY;41.138;16.76
N/A;CORLU;TURKEY;41.138;27.92
N/A;GRAZZANISE;ITALY;41.061;14.08
N/A;ISTANBUL;TURKEY;40.993;29.22
IST;ISTANBUL;TURKEY;40.977;28.82
N/A;KAVALA;GREECE;40.972;24.34
KVA;KAVALA;GREECE;40.913;24.62
OLB;OLBIA;ITALY;40.899;9.52
NAP;NAPLES;ITALY;40.886;14.29
AXD;ALEXANDROUPOLIS;GREECE;40.856;25.96
N/A;HUHHOT;CHINA;40.853;111.82
MZH;MERZIFON;TURKEY;40.829;35.52
N/A;GIOIA DEL COLLE;ITALY;40.768;16.93
N/A;TOPEL;TURKEY;40.735;30.08
AOJ;AOMORI;JAPAN;40.734;140.69
MSJ;MISAWA;JAPAN;40.703;141.37
N/A;YALOVA;TURKEY;40.683;29.38
BDS;BRINDISI;ITALY;40.657;17.95
N/A;ALEXANDRIA;GREECE;40.651;22.49
AHO;ALGHERO;ITALY;40.632;8.29
